[{"model": "contenttypes.contenttype", "pk": 1, "fields": {"app_label": "admin", "model": "logentry"}}, {"model": "contenttypes.contenttype", "pk": 2, "fields": {"app_label": "auth", "model": "permission"}}, {"model": "contenttypes.contenttype", "pk": 3, "fields": {"app_label": "auth", "model": "group"}}, {"model": "contenttypes.contenttype", "pk": 4, "fields": {"app_label": "contenttypes", "model": "contenttype"}}, {"model": "contenttypes.contenttype", "pk": 5, "fields": {"app_label": "sessions", "model": "session"}}, {"model": "contenttypes.contenttype", "pk": 6, "fields": {"app_label": "accounts", "model": "customuser"}}, {"model": "contenttypes.contenttype", "pk": 7, "fields": {"app_label": "accounts", "model": "emailverification"}}, {"model": "contenttypes.contenttype", "pk": 8, "fields": {"app_label": "accounts", "model": "invitation"}}, {"model": "contenttypes.contenttype", "pk": 9, "fields": {"app_label": "accounts", "model": "passwordresetrequest"}}, {"model": "contenttypes.contenttype", "pk": 10, "fields": {"app_label": "news", "model": "item"}}, {"model": "contenttypes.contenttype", "pk": 11, "fields": {"app_label": "news", "model": "story"}}, {"model": "contenttypes.contenttype", "pk": 12, "fields": {"app_label": "news", "model": "vote"}}, {"model": "contenttypes.contenttype", "pk": 13, "fields": {"app_label": "news", "model": "comment"}}, {"model": "contenttypes.contenttype", "pk": 14, "fields": {"app_label": "emaildigest", "model": "subscription"}}, {"model": "contenttypes.contenttype", "pk": 15, "fields": {"app_label": "emaildigest", "model": "anonymoussubscription"}}, {"model": "contenttypes.contenttype", "pk": 16, "fields": {"app_label": "emaildigest", "model": "emaildigest"}}, {"model": "contenttypes.contenttype", "pk": 17, "fields": {"app_label": "emaildigest", "model": "usersubscription"}}, {"model": "contenttypes.contenttype", "pk": 18, "fields": {"app_label": "emaildigest", "model": "unsubscription"}}, {"model": "sessions.session", "pk": "g1zuoo673jz28yvd2knltvymki8rd7kj", "fields": {"session_data": "ZmExOWJiOGMzNTIwZmIwYThjMjgzZTQ0M2ZmYzJkYmJkMTNhZTY1Mzp7Il9hdXRoX3VzZXJfaWQiOiI0ZjBlZGE3Zi03ZWVlLTRkYzItYmY1My0yYWM2MzU5ZDEwM2EiLCJfYXV0aF91c2VyX2JhY2tlbmQiOiJkamFuZ28uY29udHJpYi5hdXRoLmJhY2tlbmRzLk1vZGVsQmFja2VuZCIsIl9hdXRoX3VzZXJfaGFzaCI6ImI1Zjk1ZjkxY2Q4NTdjZDQ4ZWYxNDdhMjRhZjJmZWQ5NmZmNjdmMzAifQ==", "expire_date": "2020-02-17T14:41:20.494Z"}}, {"model": "sessions.session", "pk": "srxtlr8ua1hyzhyiqa9tbt5mt2phbhzj", "fields": {"session_data": "ZmExOWJiOGMzNTIwZmIwYThjMjgzZTQ0M2ZmYzJkYmJkMTNhZTY1Mzp7Il9hdXRoX3VzZXJfaWQiOiI0ZjBlZGE3Zi03ZWVlLTRkYzItYmY1My0yYWM2MzU5ZDEwM2EiLCJfYXV0aF91c2VyX2JhY2tlbmQiOiJkamFuZ28uY29udHJpYi5hdXRoLmJhY2tlbmRzLk1vZGVsQmFja2VuZCIsIl9hdXRoX3VzZXJfaGFzaCI6ImI1Zjk1ZjkxY2Q4NTdjZDQ4ZWYxNDdhMjRhZjJmZWQ5NmZmNjdmMzAifQ==", "expire_date": "2020-02-15T20:05:10.756Z"}}, {"model": "auth.permission", "pk": 1, "fields": {"name": "Can add log entry", "content_type": 1, "codename": "add_logentry"}}, {"model": "auth.permission", "pk": 2, "fields": {"name": "Can change log entry", "content_type": 1, "codename": "change_logentry"}}, {"model": "auth.permission", "pk": 3, "fields": {"name": "Can delete log entry", "content_type": 1, "codename": "delete_logentry"}}, {"model": "auth.permission", "pk": 4, "fields": {"name": "Can view log entry", "content_type": 1, "codename": "view_logentry"}}, {"model": "auth.permission", "pk": 5, "fields": {"name": "Can add permission", "content_type": 2, "codename": "add_permission"}}, {"model": "auth.permission", "pk": 6, "fields": {"name": "Can change permission", "content_type": 2, "codename": "change_permission"}}, {"model": "auth.permission", "pk": 7, "fields": {"name": "Can delete permission", "content_type": 2, "codename": "delete_permission"}}, {"model": "auth.permission", "pk": 8, "fields": {"name": "Can view permission", "content_type": 2, "codename": "view_permission"}}, {"model": "auth.permission", "pk": 9, "fields": {"name": "Can add group", "content_type": 3, "codename": "add_group"}}, {"model": "auth.permission", "pk": 10, "fields": {"name": "Can change group", "content_type": 3, "codename": "change_group"}}, {"model": "auth.permission", "pk": 11, "fields": {"name": "Can delete group", "content_type": 3, "codename": "delete_group"}}, {"model": "auth.permission", "pk": 12, "fields": {"name": "Can view group", "content_type": 3, "codename": "view_group"}}, {"model": "auth.permission", "pk": 13, "fields": {"name": "Can add content type", "content_type": 4, "codename": "add_contenttype"}}, {"model": "auth.permission", "pk": 14, "fields": {"name": "Can change content type", "content_type": 4, "codename": "change_contenttype"}}, {"model": "auth.permission", "pk": 15, "fields": {"name": "Can delete content type", "content_type": 4, "codename": "delete_contenttype"}}, {"model": "auth.permission", "pk": 16, "fields": {"name": "Can view content type", "content_type": 4, "codename": "view_contenttype"}}, {"model": "auth.permission", "pk": 17, "fields": {"name": "Can add session", "content_type": 5, "codename": "add_session"}}, {"model": "auth.permission", "pk": 18, "fields": {"name": "Can change session", "content_type": 5, "codename": "change_session"}}, {"model": "auth.permission", "pk": 19, "fields": {"name": "Can delete session", "content_type": 5, "codename": "delete_session"}}, {"model": "auth.permission", "pk": 20, "fields": {"name": "Can view session", "content_type": 5, "codename": "view_session"}}, {"model": "auth.permission", "pk": 21, "fields": {"name": "Can add custom user", "content_type": 6, "codename": "add_customuser"}}, {"model": "auth.permission", "pk": 22, "fields": {"name": "Can change custom user", "content_type": 6, "codename": "change_customuser"}}, {"model": "auth.permission", "pk": 23, "fields": {"name": "Can delete custom user", "content_type": 6, "codename": "delete_customuser"}}, {"model": "auth.permission", "pk": 24, "fields": {"name": "Can view custom user", "content_type": 6, "codename": "view_customuser"}}, {"model": "auth.permission", "pk": 25, "fields": {"name": "Can add email verification", "content_type": 7, "codename": "add_emailverification"}}, {"model": "auth.permission", "pk": 26, "fields": {"name": "Can change email verification", "content_type": 7, "codename": "change_emailverification"}}, {"model": "auth.permission", "pk": 27, "fields": {"name": "Can delete email verification", "content_type": 7, "codename": "delete_emailverification"}}, {"model": "auth.permission", "pk": 28, "fields": {"name": "Can view email verification", "content_type": 7, "codename": "view_emailverification"}}, {"model": "auth.permission", "pk": 29, "fields": {"name": "Can add invitation", "content_type": 8, "codename": "add_invitation"}}, {"model": "auth.permission", "pk": 30, "fields": {"name": "Can change invitation", "content_type": 8, "codename": "change_invitation"}}, {"model": "auth.permission", "pk": 31, "fields": {"name": "Can delete invitation", "content_type": 8, "codename": "delete_invitation"}}, {"model": "auth.permission", "pk": 32, "fields": {"name": "Can view invitation", "content_type": 8, "codename": "view_invitation"}}, {"model": "auth.permission", "pk": 33, "fields": {"name": "Can add password reset request", "content_type": 9, "codename": "add_passwordresetrequest"}}, {"model": "auth.permission", "pk": 34, "fields": {"name": "Can change password reset request", "content_type": 9, "codename": "change_passwordresetrequest"}}, {"model": "auth.permission", "pk": 35, "fields": {"name": "Can delete password reset request", "content_type": 9, "codename": "delete_passwordresetrequest"}}, {"model": "auth.permission", "pk": 36, "fields": {"name": "Can view password reset request", "content_type": 9, "codename": "view_passwordresetrequest"}}, {"model": "auth.permission", "pk": 37, "fields": {"name": "Can add item", "content_type": 10, "codename": "add_item"}}, {"model": "auth.permission", "pk": 38, "fields": {"name": "Can change item", "content_type": 10, "codename": "change_item"}}, {"model": "auth.permission", "pk": 39, "fields": {"name": "Can delete item", "content_type": 10, "codename": "delete_item"}}, {"model": "auth.permission", "pk": 40, "fields": {"name": "Can view item", "content_type": 10, "codename": "view_item"}}, {"model": "auth.permission", "pk": 41, "fields": {"name": "Can add story", "content_type": 11, "codename": "add_story"}}, {"model": "auth.permission", "pk": 42, "fields": {"name": "Can change story", "content_type": 11, "codename": "change_story"}}, {"model": "auth.permission", "pk": 43, "fields": {"name": "Can delete story", "content_type": 11, "codename": "delete_story"}}, {"model": "auth.permission", "pk": 44, "fields": {"name": "Can view story", "content_type": 11, "codename": "view_story"}}, {"model": "auth.permission", "pk": 45, "fields": {"name": "Can add vote", "content_type": 12, "codename": "add_vote"}}, {"model": "auth.permission", "pk": 46, "fields": {"name": "Can change vote", "content_type": 12, "codename": "change_vote"}}, {"model": "auth.permission", "pk": 47, "fields": {"name": "Can delete vote", "content_type": 12, "codename": "delete_vote"}}, {"model": "auth.permission", "pk": 48, "fields": {"name": "Can view vote", "content_type": 12, "codename": "view_vote"}}, {"model": "auth.permission", "pk": 49, "fields": {"name": "Can add comment", "content_type": 13, "codename": "add_comment"}}, {"model": "auth.permission", "pk": 50, "fields": {"name": "Can change comment", "content_type": 13, "codename": "change_comment"}}, {"model": "auth.permission", "pk": 51, "fields": {"name": "Can delete comment", "content_type": 13, "codename": "delete_comment"}}, {"model": "auth.permission", "pk": 52, "fields": {"name": "Can view comment", "content_type": 13, "codename": "view_comment"}}, {"model": "auth.permission", "pk": 53, "fields": {"name": "Can add subscription", "content_type": 14, "codename": "add_subscription"}}, {"model": "auth.permission", "pk": 54, "fields": {"name": "Can change subscription", "content_type": 14, "codename": "change_subscription"}}, {"model": "auth.permission", "pk": 55, "fields": {"name": "Can delete subscription", "content_type": 14, "codename": "delete_subscription"}}, {"model": "auth.permission", "pk": 56, "fields": {"name": "Can view subscription", "content_type": 14, "codename": "view_subscription"}}, {"model": "auth.permission", "pk": 57, "fields": {"name": "Can add anonymous subscription", "content_type": 15, "codename": "add_anonymoussubscription"}}, {"model": "auth.permission", "pk": 58, "fields": {"name": "Can change anonymous subscription", "content_type": 15, "codename": "change_anonymoussubscription"}}, {"model": "auth.permission", "pk": 59, "fields": {"name": "Can delete anonymous subscription", "content_type": 15, "codename": "delete_anonymoussubscription"}}, {"model": "auth.permission", "pk": 60, "fields": {"name": "Can view anonymous subscription", "content_type": 15, "codename": "view_anonymoussubscription"}}, {"model": "auth.permission", "pk": 61, "fields": {"name": "Can add email digest", "content_type": 16, "codename": "add_emaildigest"}}, {"model": "auth.permission", "pk": 62, "fields": {"name": "Can change email digest", "content_type": 16, "codename": "change_emaildigest"}}, {"model": "auth.permission", "pk": 63, "fields": {"name": "Can delete email digest", "content_type": 16, "codename": "delete_emaildigest"}}, {"model": "auth.permission", "pk": 64, "fields": {"name": "Can view email digest", "content_type": 16, "codename": "view_emaildigest"}}, {"model": "auth.permission", "pk": 65, "fields": {"name": "Can add user subscription", "content_type": 17, "codename": "add_usersubscription"}}, {"model": "auth.permission", "pk": 66, "fields": {"name": "Can change user subscription", "content_type": 17, "codename": "change_usersubscription"}}, {"model": "auth.permission", "pk": 67, "fields": {"name": "Can delete user subscription", "content_type": 17, "codename": "delete_usersubscription"}}, {"model": "auth.permission", "pk": 68, "fields": {"name": "Can view user subscription", "content_type": 17, "codename": "view_usersubscription"}}, {"model": "auth.permission", "pk": 69, "fields": {"name": "Can add un subscription", "content_type": 18, "codename": "add_unsubscription"}}, {"model": "auth.permission", "pk": 70, "fields": {"name": "Can change un subscription", "content_type": 18, "codename": "change_unsubscription"}}, {"model": "auth.permission", "pk": 71, "fields": {"name": "Can delete un subscription", "content_type": 18, "codename": "delete_unsubscription"}}, {"model": "auth.permission", "pk": 72, "fields": {"name": "Can view un subscription", "content_type": 18, "codename": "view_unsubscription"}}, {"model": "accounts.customuser", "pk": "4f0eda7f-7eee-4dc2-bf53-2ac6359d103a", "fields": {"password": "pbkdf2_sha256$150000$QVWQyt6KaZOs$oXWPcb3koLLokvxTJDKkXnxl45U3Y5WM8n9P92B8ZK0=", "last_login": "2020-02-01T20:05:10.659Z", "is_superuser": false, "username": "tester4", "first_name": "", "last_name": "", "email": "", "is_staff": false, "is_active": true, "date_joined": "2020-02-01T20:05:10.335Z", "karma": 0, "about": "", "parent": null, "used_invitation": null, "lft": 1, "rght": 2, "tree_id": 4, "level": 0, "groups": [], "user_permissions": []}}, {"model": "accounts.customuser", "pk": "5345c87e-74ca-4baa-af78-0e9424c0177a", "fields": {"password": "12345678", "last_login": null, "is_superuser": false, "username": "tester5", "first_name": "", "last_name": "", "email": "jkhouseai@gmail.com", "is_staff": false, "is_active": true, "date_joined": "2020-02-03T14:34:44.519Z", "karma": 0, "about": "", "parent": null, "used_invitation": null, "lft": 1, "rght": 2, "tree_id": 5, "level": 0, "groups": [], "user_permissions": []}}, {"model": "accounts.customuser", "pk": "b7402a35-637c-4478-8c32-245716c19503", "fields": {"password": "12345678", "last_login": null, "is_superuser": false, "username": "test6", "first_name": "", "last_name": "", "email": "jkhouseai@gmail.com", "is_staff": false, "is_active": true, "date_joined": "2020-02-03T14:36:55.365Z", "karma": 0, "about": "", "parent": null, "used_invitation": null, "lft": 1, "rght": 2, "tree_id": 6, "level": 0, "groups": [], "user_permissions": []}}, {"model": "accounts.customuser", "pk": "cd5ae204-6bd2-478f-bea3-ed74baec9de8", "fields": {"password": "12345678", "last_login": null, "is_superuser": false, "username": "test", "first_name": "", "last_name": "", "email": "test@any.com", "is_staff": false, "is_active": true, "date_joined": "2020-02-01T15:40:14.821Z", "karma": 0, "about": "", "parent": null, "used_invitation": null, "lft": 1, "rght": 2, "tree_id": 1, "level": 0, "groups": [], "user_permissions": []}}, {"model": "accounts.customuser", "pk": "d058ebed-9416-459a-9844-6d9421e20e4a", "fields": {"password": "12345678", "last_login": null, "is_superuser": false, "username": "tester", "first_name": "", "last_name": "", "email": "jkhouseai@gmail.com", "is_staff": false, "is_active": true, "date_joined": "2020-02-01T20:00:02.979Z", "karma": 0, "about": "", "parent": null, "used_invitation": null, "lft": 1, "rght": 2, "tree_id": 2, "level": 0, "groups": [], "user_permissions": []}}, {"model": "accounts.customuser", "pk": "fdfe4447-9e11-43a0-b931-19754a401bea", "fields": {"password": "12345678", "last_login": null, "is_superuser": false, "username": "tester1", "first_name": "", "last_name": "", "email": "jkhouseai@gmail.com", "is_staff": false, "is_active": true, "date_joined": "2020-02-01T20:02:21.184Z", "karma": 0, "about": "", "parent": null, "used_invitation": null, "lft": 1, "rght": 2, "tree_id": 3, "level": 0, "groups": [], "user_permissions": []}}, {"model": "accounts.emailverification", "pk": "7e233e41-3628-4f6f-b9a2-828343ef841d", "fields": {"created_at": "2020-02-03T14:36:55.496Z", "changed_at": "2020-02-03T14:36:55.496Z", "verified": false, "verified_at": null, "email": "jkhouseai@gmail.com", "user": "b7402a35-637c-4478-8c32-245716c19503", "verification_code": "5e219097-f5ff-4dcc-bf49-ff9a04af3fb0"}}, {"model": "accounts.emailverification", "pk": "9099cffd-b05a-4f4f-91a8-bbd9a753c6b5", "fields": {"created_at": "2020-02-03T14:34:44.684Z", "changed_at": "2020-02-03T14:34:44.684Z", "verified": false, "verified_at": null, "email": "jkhouseai@gmail.com", "user": "5345c87e-74ca-4baa-af78-0e9424c0177a", "verification_code": "48ffa4eb-5cdd-4383-a6e7-48e66149f0cc"}}, {"model": "accounts.emailverification", "pk": "bc79925e-3f66-4520-951f-343479bae1dd", "fields": {"created_at": "2020-02-01T15:40:14.955Z", "changed_at": "2020-02-01T15:40:14.955Z", "verified": false, "verified_at": null, "email": "test@any.com", "user": "cd5ae204-6bd2-478f-bea3-ed74baec9de8", "verification_code": "5e105f61-f418-49d9-b64b-a4dc8934c242"}}, {"model": "accounts.emailverification", "pk": "f61b97c6-9738-4374-bdea-ad2109a2b18d", "fields": {"created_at": "2020-02-01T20:00:03.137Z", "changed_at": "2020-02-01T20:00:03.137Z", "verified": false, "verified_at": null, "email": "jkhouseai@gmail.com", "user": "d058ebed-9416-459a-9844-6d9421e20e4a", "verification_code": "2f443c03-c705-4e8a-b7fd-4a6aa7f964c2"}}, {"model": "accounts.emailverification", "pk": "faceb291-e137-4048-a65b-45f4bcc73b1f", "fields": {"created_at": "2020-02-01T20:02:21.339Z", "changed_at": "2020-02-01T20:02:21.339Z", "verified": false, "verified_at": null, "email": "jkhouseai@gmail.com", "user": "fdfe4447-9e11-43a0-b931-19754a401bea", "verification_code": "d4572b55-2f55-4e59-81c8-1091efe02d11"}}, {"model": "news.item", "pk": "1f6acf81-daf7-4ba8-9c3c-5e1295d2d997", "fields": {"created_at": "2020-02-03T14:52:57.748Z", "changed_at": "2020-02-03T14:52:57.959Z", "upvotes": 1, "downvotes": 0, "points": 1, "num_comments": 0, "parent": null, "user": "4f0eda7f-7eee-4dc2-bf53-2ac6359d103a", "is_ask": false, "is_show": false, "lft": 1, "rght": 2, "tree_id": 5, "level": 0}}, {"model": "news.item", "pk": "4475b29f-5663-49d9-b1ad-b1ccf5d1d5de", "fields": {"created_at": "2020-02-03T14:42:05.324Z", "changed_at": "2020-02-03T14:46:01.351Z", "upvotes": 1, "downvotes": 0, "points": 1, "num_comments": 5, "parent": "9b38c5cd-c7b7-4aa4-bfbb-e2eb068e4464", "user": "4f0eda7f-7eee-4dc2-bf53-2ac6359d103a", "is_ask": false, "is_show": false, "lft": 2, "rght": 13, "tree_id": 2, "level": 1}}, {"model": "news.item", "pk": "490d4c18-fa5a-44cd-b8cc-d6618ce21ee2", "fields": {"created_at": "2020-02-03T14:42:22.264Z", "changed_at": "2020-02-03T14:42:22.551Z", "upvotes": 1, "downvotes": 0, "points": 1, "num_comments": 0, "parent": null, "user": "4f0eda7f-7eee-4dc2-bf53-2ac6359d103a", "is_ask": false, "is_show": false, "lft": 1, "rght": 2, "tree_id": 4, "level": 0}}, {"model": "news.item", "pk": "63be3cfb-05f2-4921-99ea-2a64f2a06ba2", "fields": {"created_at": "2020-02-03T14:46:00.824Z", "changed_at": "2020-02-03T14:46:01.030Z", "upvotes": 1, "downvotes": 0, "points": 1, "num_comments": 0, "parent": "9146414c-8841-4037-bbb1-5cdd70f58e05", "user": "4f0eda7f-7eee-4dc2-bf53-2ac6359d103a", "is_ask": false, "is_show": false, "lft": 10, "rght": 11, "tree_id": 2, "level": 3}}, {"model": "news.item", "pk": "6a1da5ee-d58b-4437-8a6a-82e122ad10ea", "fields": {"created_at": "2020-02-03T14:45:23.267Z", "changed_at": "2020-02-03T14:45:23.519Z", "upvotes": 1, "downvotes": 0, "points": 1, "num_comments": 0, "parent": "809490a2-05e7-4eee-a1ad-a0cf66fe93ca", "user": "4f0eda7f-7eee-4dc2-bf53-2ac6359d103a", "is_ask": false, "is_show": false, "lft": 4, "rght": 5, "tree_id": 2, "level": 3}}, {"model": "news.item", "pk": "714adee2-c10f-481b-aa6a-73378886af2e", "fields": {"created_at": "2020-02-03T14:45:44.629Z", "changed_at": "2020-02-03T14:45:44.819Z", "upvotes": 1, "downvotes": 0, "points": 1, "num_comments": 0, "parent": "809490a2-05e7-4eee-a1ad-a0cf66fe93ca", "user": "4f0eda7f-7eee-4dc2-bf53-2ac6359d103a", "is_ask": false, "is_show": false, "lft": 6, "rght": 7, "tree_id": 2, "level": 3}}, {"model": "news.item", "pk": "809490a2-05e7-4eee-a1ad-a0cf66fe93ca", "fields": {"created_at": "2020-02-03T14:42:28.821Z", "changed_at": "2020-02-03T14:45:45.017Z", "upvotes": 1, "downvotes": 0, "points": 1, "num_comments": 2, "parent": "4475b29f-5663-49d9-b1ad-b1ccf5d1d5de", "user": "4f0eda7f-7eee-4dc2-bf53-2ac6359d103a", "is_ask": false, "is_show": false, "lft": 3, "rght": 8, "tree_id": 2, "level": 2}}, {"model": "news.item", "pk": "9146414c-8841-4037-bbb1-5cdd70f58e05", "fields": {"created_at": "2020-02-03T14:45:52.545Z", "changed_at": "2020-02-03T14:46:01.246Z", "upvotes": 1, "downvotes": 0, "points": 1, "num_comments": 1, "parent": "4475b29f-5663-49d9-b1ad-b1ccf5d1d5de", "user": "4f0eda7f-7eee-4dc2-bf53-2ac6359d103a", "is_ask": false, "is_show": false, "lft": 9, "rght": 12, "tree_id": 2, "level": 2}}, {"model": "news.item", "pk": "9b38c5cd-c7b7-4aa4-bfbb-e2eb068e4464", "fields": {"created_at": "2020-02-01T20:06:22.415Z", "changed_at": "2020-02-01T20:06:22.648Z", "upvotes": 1, "downvotes": 0, "points": 1, "num_comments": 0, "parent": null, "user": "4f0eda7f-7eee-4dc2-bf53-2ac6359d103a", "is_ask": false, "is_show": false, "lft": 1, "rght": 2, "tree_id": 2, "level": 0}}, {"model": "news.item", "pk": "a9ae6a0a-fc4e-4130-b063-32702655ea8b", "fields": {"created_at": "2020-02-03T14:41:57.700Z", "changed_at": "2020-02-03T14:41:57.935Z", "upvotes": 1, "downvotes": 0, "points": 1, "num_comments": 0, "parent": null, "user": "4f0eda7f-7eee-4dc2-bf53-2ac6359d103a", "is_ask": false, "is_show": false, "lft": 1, "rght": 2, "tree_id": 3, "level": 0}}, {"model": "news.item", "pk": "b5db9ac8-5fa4-4893-8cfc-f1decfe48be5", "fields": {"created_at": "2020-02-01T20:06:09.292Z", "changed_at": "2020-02-01T20:06:22.767Z", "upvotes": 1, "downvotes": 0, "points": 1, "num_comments": 1, "parent": null, "user": "4f0eda7f-7eee-4dc2-bf53-2ac6359d103a", "is_ask": false, "is_show": false, "lft": 1, "rght": 2, "tree_id": 1, "level": 0}}, {"model": "news.story", "pk": "1f6acf81-daf7-4ba8-9c3c-5e1295d2d997", "fields": {"title": "dsfdsdsf", "url": "http://localhost", "text": "adsasfd asdfdfadsdf", "duplicate_of": null, "domain": "localhost"}}, {"model": "news.story", "pk": "b5db9ac8-5fa4-4893-8cfc-f1decfe48be5", "fields": {"title": "test", "url": "http://127.0.0.1:8000/submit", "text": "tet", "duplicate_of": null, "domain": "127.0.0.1"}}, {"model": "news.comment", "pk": "4475b29f-5663-49d9-b1ad-b1ccf5d1d5de", "fields": {"text": "ewqrwr", "to_story": "b5db9ac8-5fa4-4893-8cfc-f1decfe48be5"}}, {"model": "news.comment", "pk": "490d4c18-fa5a-44cd-b8cc-d6618ce21ee2", "fields": {"text": "wqeqe", "to_story": "b5db9ac8-5fa4-4893-8cfc-f1decfe48be5"}}, {"model": "news.comment", "pk": "63be3cfb-05f2-4921-99ea-2a64f2a06ba2", "fields": {"text": "as", "to_story": "b5db9ac8-5fa4-4893-8cfc-f1decfe48be5"}}, {"model": "news.comment", "pk": "6a1da5ee-d58b-4437-8a6a-82e122ad10ea", "fields": {"text": "asddas", "to_story": "b5db9ac8-5fa4-4893-8cfc-f1decfe48be5"}}, {"model": "news.comment", "pk": "714adee2-c10f-481b-aa6a-73378886af2e", "fields": {"text": "sas", "to_story": "b5db9ac8-5fa4-4893-8cfc-f1decfe48be5"}}, {"model": "news.comment", "pk": "809490a2-05e7-4eee-a1ad-a0cf66fe93ca", "fields": {"text": "ewrqrre", "to_story": "b5db9ac8-5fa4-4893-8cfc-f1decfe48be5"}}, {"model": "news.comment", "pk": "9146414c-8841-4037-bbb1-5cdd70f58e05", "fields": {"text": "czx", "to_story": "b5db9ac8-5fa4-4893-8cfc-f1decfe48be5"}}, {"model": "news.comment", "pk": "9b38c5cd-c7b7-4aa4-bfbb-e2eb068e4464", "fields": {"text": "dsaffdsafsdfdsf", "to_story": "b5db9ac8-5fa4-4893-8cfc-f1decfe48be5"}}, {"model": "news.comment", "pk": "a9ae6a0a-fc4e-4130-b063-32702655ea8b", "fields": {"text": "ewrewrewqr werrw", "to_story": "b5db9ac8-5fa4-4893-8cfc-f1decfe48be5"}}, {"model": "news.vote", "pk": "3a154971-c9c8-426e-8621-bd220e99bdfc", "fields": {"created_at": "2020-02-03T14:42:05.412Z", "changed_at": "2020-02-03T14:42:05.412Z", "item": "4475b29f-5663-49d9-b1ad-b1ccf5d1d5de", "vote": 1, "user": "4f0eda7f-7eee-4dc2-bf53-2ac6359d103a"}}, {"model": "news.vote", "pk": "70add2d2-7f42-4653-90dd-d678386e2c3f", "fields": {"created_at": "2020-02-03T14:46:00.924Z", "changed_at": "2020-02-03T14:46:00.924Z", "item": "63be3cfb-05f2-4921-99ea-2a64f2a06ba2", "vote": 1, "user": "4f0eda7f-7eee-4dc2-bf53-2ac6359d103a"}}, {"model": "news.vote", "pk": "7c4236aa-bdca-4ed1-930c-39a8be69105b", "fields": {"created_at": "2020-02-03T14:45:52.637Z", "changed_at": "2020-02-03T14:45:52.637Z", "item": "9146414c-8841-4037-bbb1-5cdd70f58e05", "vote": 1, "user": "4f0eda7f-7eee-4dc2-bf53-2ac6359d103a"}}, {"model": "news.vote", "pk": "848df4d4-d743-48f7-b219-99093fda37ff", "fields": {"created_at": "2020-02-03T14:42:22.448Z", "changed_at": "2020-02-03T14:42:22.448Z", "item": "490d4c18-fa5a-44cd-b8cc-d6618ce21ee2", "vote": 1, "user": "4f0eda7f-7eee-4dc2-bf53-2ac6359d103a"}}, {"model": "news.vote", "pk": "8abe02eb-469d-4d7b-9af2-3ba0f0802c4c", "fields": {"created_at": "2020-02-03T14:42:28.929Z", "changed_at": "2020-02-03T14:42:28.929Z", "item": "809490a2-05e7-4eee-a1ad-a0cf66fe93ca", "vote": 1, "user": "4f0eda7f-7eee-4dc2-bf53-2ac6359d103a"}}, {"model": "news.vote", "pk": "90808815-c013-4ff4-ac80-15379e88af34", "fields": {"created_at": "2020-02-03T14:52:57.859Z", "changed_at": "2020-02-03T14:52:57.859Z", "item": "1f6acf81-daf7-4ba8-9c3c-5e1295d2d997", "vote": 1, "user": "4f0eda7f-7eee-4dc2-bf53-2ac6359d103a"}}, {"model": "news.vote", "pk": "92d1c30e-a963-4635-8031-57c06fdba935", "fields": {"created_at": "2020-02-01T20:06:09.390Z", "changed_at": "2020-02-01T20:06:09.390Z", "item": "b5db9ac8-5fa4-4893-8cfc-f1decfe48be5", "vote": 1, "user": "4f0eda7f-7eee-4dc2-bf53-2ac6359d103a"}}, {"model": "news.vote", "pk": "cfa73873-29b5-45aa-8195-25be58640968", "fields": {"created_at": "2020-02-03T14:45:44.721Z", "changed_at": "2020-02-03T14:45:44.721Z", "item": "714adee2-c10f-481b-aa6a-73378886af2e", "vote": 1, "user": "4f0eda7f-7eee-4dc2-bf53-2ac6359d103a"}}, {"model": "news.vote", "pk": "defa6e7e-5b05-48dd-a70b-557a4f2f3f09", "fields": {"created_at": "2020-02-03T14:45:23.363Z", "changed_at": "2020-02-03T14:45:23.363Z", "item": "6a1da5ee-d58b-4437-8a6a-82e122ad10ea", "vote": 1, "user": "4f0eda7f-7eee-4dc2-bf53-2ac6359d103a"}}, {"model": "news.vote", "pk": "e924cf0f-d9f9-4e2e-9e46-60fdd5e6c5d5", "fields": {"created_at": "2020-02-01T20:06:22.553Z", "changed_at": "2020-02-01T20:06:22.553Z", "item": "9b38c5cd-c7b7-4aa4-bfbb-e2eb068e4464", "vote": 1, "user": "4f0eda7f-7eee-4dc2-bf53-2ac6359d103a"}}, {"model": "news.vote", "pk": "fc84710d-f73b-4dba-a41c-fe1b4ac1bab8", "fields": {"created_at": "2020-02-03T14:41:57.834Z", "changed_at": "2020-02-03T14:41:57.834Z", "item": "a9ae6a0a-fc4e-4130-b063-32702655ea8b", "vote": 1, "user": "4f0eda7f-7eee-4dc2-bf53-2ac6359d103a"}}]